[{"id":1,"username":"yhn-nhy@hotmail.com","password":"","address":"fhgfhgfhfhfhgfhgdfg","parent":{"firstname":"dddd","lastname":"dddddd","gender":"ชาย","identity":"15275854"},"phone":"dasd","email":"yhn-nhy@hotmail.com","kid":{"firstname":"cdsddsfds","lastname":"fsdfdsfsd","nickname":"sdfdsfsdf","brith":"2014-11-11","gender":"หญิง","age":4,"month":44,"data":{"maxpoint":"102","GM":"100","FM":"100","RL":"100","EL":"100","PS":"100"}}},{"id":4,"username":"gfdgd@hyggfh.com","password":"123456","address":"2085 Timbercrest Road\nAK","parent":{"firstname":"dfdsf","lastname":"dsfdsfs","gender":"หญิง","identity":"7588787787881"},"phone":"9079471594","email":"gfdgd@hyggfh.com","kid":{"firstname":"fdsfdsf","lastname":"sfsfdfs","nickname":"fdefds","brith":"2013-12-31","gender":"ชาย","age":"5","month":55,"data":{"maxpoint":"114","GM":"100","FM":"100","RL":"84.21052631578948","EL":"100","PS":"84.21052631578948"}}},{"id":5,"username":"gfdgd@hyggfh.com","password":"123456","address":"2085 Timbercrest Road\nAK","parent":{"firstname":"dfdsf","lastname":"dsfdsfs","gender":"หญิง","identity":"7588787787881"},"phone":"9079471594","email":"gfdgd@hyggfh.com","kid":{"firstname":"fdsfdsf","lastname":"sfsfdfs","nickname":"fdefds","brith":"2013-12-31","gender":"ชาย","age":"5","month":55,"data":{"maxpoint":"114","GM":"100","FM":"100","RL":"84.21052631578948","EL":"100","PS":"84.21052631578948"}}},{"id":6,"username":"dsf@sd","password":"123456","address":"2085 Timbercrest Road\nAK","parent":{"firstname":"กดหดกหด","lastname":"หกดหกกดกด","gender":"หญิง","identity":"4242424245245"},"phone":"9079471594","email":"dsf@sd","kid":{"firstname":"กดดหด","lastname":"ัีปแอเดั้้่เ้่แอปดหฟ","nickname":"ๆพกิืาปอ่ีส","brith":"2016-12-22","gender":"หญิง","age":"2","month":19,"data":{"maxpoint":0,"GM":0,"FM":0,"RL":0,"EL":0,"PS":0}}},{"id":7,"username":"dsf@sd","password":"123456","address":"2085 Timbercrest Road\nAK","parent":{"firstname":"มททมทมทม","lastname":"หกดหกกดกด","gender":"หญิง","identity":"2331231231321"},"phone":"9079471594","email":"dsf@sd","kid":{"firstname":"ปผผป","lastname":"ัีปแอเดั้้่เ้่แอปดหฟ","nickname":"ๆพกิืาปอ่ีส","brith":"2016-12-22","gender":"หญิง","age":"2","month":19,"data":{"maxpoint":0,"GM":0,"FM":0,"RL":0,"EL":0,"PS":0}}}]