[
    {
        "month": "0",
        "GM": [
            {
                "video": "https://www.youtube.com/embed/KjQ2Ij3rRLs",
                "tag": "GM",
                "text": "เด็กสามารถยกศีรษะและหันไปข้างใดข้างหนึ่งได้",
                "guide": "false",
                "tools": []
            }
        ],
        "FM": [
            {
                "video": "https://www.youtube.com/embed/wM2GxHbOssE",
                "tag": "FM",
                "text": "เด็กมองตามลูกบอลผ้าสีแดง จากด้านข้างถึงระยะกึ่งกลางลำตัวได้",
                "guide": "false",
                "tools": [
                    "อุปกรณ์กระตุ้นความสนใจเด็ก",
                    "ลูกบอลผ้าสีแดง",
                    "อุปกรณ์ท์มี่สีสีดใส",
                    "ผ้า",
                    "ลูกบอลผ้า",
                    "พู่ไหมพรม"
                ]
            }
        ],
        "RL": [
            {
                "video": "https://www.youtube.com/embed/7uVOo5QL4E0",
                "tag": "RL",
                "text": "เด็กแสดงการรับรู้ด้วยการกระพริบตา สะดุ้ง หรือเคลื่อนไหวร่างกาย",
                "guide": "false",
                "tools": []
            }
        ],
        "EL": [
            {
                "video": "https://www.youtube.com/embed/e7O_f-V7OJY",
                "tag": "EL",
                "text": "เด็กทำเสียงอ้อแอ้ได้",
                "guide": "true",
                "tools": []
            }
        ],
        "PS": [
            {
                "video": "https://www.youtube.com/embed/lb9OvY-yt6A",
                "tag": "PS",
                "text": "เด็กสามารถมองจ้องหน้าได้อย่างน้อย 1 วินาที",
                "guide": "false",
                "tools": []
            }
        ]
    },
    {
        "month": "1",
        "GM": [
            {
                "video": "https://www.youtube.com/embed/QtIgzEKy0Eo",
                "tag": "GM",
                "text": "เด็กสามารถยกศีรษะขึ้นได้ 45 องศา นาน 3 วินาที อย่างน้อย 2 ครั้ง",
                "guide": "false",
                "tools": [
                    "อุปกรณ์กระตุ้นความสนใจเด็ก",
                    "อุปกรณ์ที่มีสีและเสียง",
                    "กรุ๋งกริ๋ง",
                    "ลูกบอลยางบีบ",
                    "สัตว์ยางบีบ",
                    "ขวดพลาสติกที่ใส่เม็ดถั่วหรือทรายพันให้แน่น"
                ]
            }
        ],
        "FM": [
            {
                "video": "https://www.youtube.com/embed/nzKowJB3PCQ",
                "tag": "FM",
                "text": "เด็กมองตามลูกบอลผ้าสีแดง ผ่านจุดกึ่งกลางลำตัวได้ตลอด โดยไม่หันไปมองทางอื่น",
                "guide": "false",
                "tools": [
                    "ลูกบอลผ้าสีแดง",
                    "ผ้า",
                    "พู่ไหมพรม",
                    "อุปกรณ์ท์มี่สีสีดใส เส้นผ่านศูนยกกลางประมาณ 10 ซม."
                ]
            }
        ],
        "RL": [
            {
                "video": "https://www.youtube.com/embed/Z1BGjLu0aq8",
                "tag": "RL",
                "text": "เด็กหันมามองหน้าผู้พูดได้อย่างน้อย 5 วินาที",
                "guide": "false",
                "tools": []
            }
        ],
        "EL": [
            {
                "video": "https://www.youtube.com/embed/IYE7w1fPHpo",
                "tag": "EL",
                "text": "ทำเสียงในลำคอ (เสียง “อู” หรือ “อา” หรือ “อือ”) อย่าง ชัดเจน",
                "guide": "true",
                "tools": []
            }
        ],
        "PS": [
            {
                "video": "https://www.youtube.com/embed/LSVmdJvtenk",
                "tag": "PS",
                "text": "ยิ้มตอบหรือส่งเสียงตอบได้ เมื่อพ่อแม่ ผู้ปกครองหรือ ผู้ประเมินยิ้มและพูดคุยด้วย",
                "guide": "false",
                "tools": []
            }
        ]
    },
    {
        "month": "3",
        "GM": [
            {
                "video": "https://www.youtube.com/embed/keD_6GMSzyU",
                "tag": "GM",
                "text": "เด็กยกศีรษะและอกโดยใช้แขนยันกับพื้นพยุงตัวไว้อย่างน้อย 5 วินาที ",
                "guide": "false",
                "tools": []
            }
        ],
        "FM": [
            {
                "video": "https://www.youtube.com/embed/FC1myz4U-BI",
                "tag": "FM",
                "text": "เด็กมองตามลูกบอลผ้าสีแดงได้ 180 องศา อย่างน้อย 1 ใน 3 ครั้ง",
                "guide": "false",
                "tools": [
                    "ลูกบอลผ้าสีแดง",
                    "ผ้า",
                    "พู่ไหมพรม",
                    "อุปกรณ์ท์มี่สีสีดใส เส้นผ่านศูนยกกลางประมาณ 10 ซม."
                ]
            }
        ],
        "RL": [
            {
                "video": "https://www.youtube.com/embed/fDIwa-AR7Hs",
                "tag": "RL",
                "text": "เด็กหันตามเสียงและมองที่กรุ๋งกริ๋งได้",
                "guide": "false",
                "tools": [
                    "กรุ๋งกริ๋ง",
                    "ลูกบอลยางบีบ",
                    "สัตว์ยางบีบ",
                    "ขวดพลาสติกที่ใส่เม็ดถั่วพันให้แน่น",
                    "อุปกรณ์ที่มีสีและเสียง"
                ]
            }
        ],
        "EL": [
            {
                "video": "https://www.youtube.com/embed/wF1pSIyR1lY",
                "tag": "EL",
                "text": "เด็กส่งเสียงสูงๆ ต่ำ ๆ เพื่อแสดงความรู้สึกอย่างน้อย 2 ความรู้สึก",
                "guide": "true",
                "tools": []
            }
        ],
        "PS": [
            {
                "video": "https://www.youtube.com/embed/TeyjoBoeYV4",
                "tag": "PS",
                "text": "เด็กยิ้มทักพ่อแม่ ผู้ปกครองหรือผู้ดูแลเด็ก หรือคนที่คุ้ยเคยก่อนได้",
                "guide": "true",
                "tools": []
            }
        ]
    },
    {
        "month": "5",
        "GM": [
            {
                "video": "https://www.youtube.com/embed/T8eWI8CDjRk",
                "tag": "GM",
                "text": "เด็กสามารถใช้ฝ่ามือทั้งสองข้างยันตัวขึ้นจนข้อศอกเหยียดตรง ท้องและหน้าอกต้องยกขึ้นพ้นพื้น",
                "guide": "false",
                "tools": [
                    "กรุ๋งกริ๋ง",
                    "ลูกบอลยางบีบ",
                    "สัตว์ยางบีบ",
                    "ขวดพลาสติกที่ใส่เม็ดถั่วพันให้แน่น",
                    "อุปกรณ์ที่มีสีและเสียง"
                ]
            }
        ],
        "FM": [
            {
                "video": "https://www.youtube.com/embed/j9WPtxvi5pw",
                "tag": "FM",
                "text": "เด็กสามารถเอื้อมมือข้างใดข้างหนึ่งไปหยิบและถือกรุ๋งกริ๋งได้ (อาจจะมีการเคลื่อนไหวแบบสะเปะสะปะเพื่อหยิบกรุ๋งกริ๋ง)",
                "guide": "false",
                "tools": [
                    "กรุ๋งกริ๋ง",
                    "ลูกบอลยางบีบ",
                    "สัตว์ยางบีบ",
                    "ขวดพลาสติกที่ใส่เม็ดถั่วพันให้แน่น",
                    "อุปกรณ์ที่มีสีและเสียง"
                ]
            }
        ],
        "RL": [
            {
                "video": "https://www.youtube.com/embed/pPmeSSIMt2gs",
                "tag": "RL",
                "text": "เด็กหันตามเสียงเรียกหรือเสียงพูดคุย",
                "guide": "false",
                "tools": []
            }
        ],
        "EL": [
            {
                "video": "https://www.youtube.com/embed/MDHJ5GQY6vI",
                "tag": "EL",
                "text": "เด็กสามารถเลียนแบบการเล่นทำเสียงตามได้",
                "guide": "true",
                "tools": []
            }
        ],
        "PS": [
            {
                "video": "https://www.youtube.com/embed/yNt_7FWY_Iw",
                "tag": "PS",
                "text": "เด็กสบตากับผู้ประเมิน และมองที่ตุ๊กตาผ้าได้นาน 5 วินาที อย่างน้อย 1 ใน 3 ครั้ง",
                "guide": "false",
                "tools": [
                    "ตุ๊กตาผ้า",
                    "ลูกบอล",
                    "รถ",
                    "หนังสือภาพ",
                    "ตุ๊กตา",
                    "ของเล่นใดๆก็ได้ที่เด็กสนใจหรือคุ้นเคยที่มีในบ้าน"
                ]
            }
        ]
    },
    {
        "month": "7",
        "GM": [
            {
                "video": "https://www.youtube.com/embed/YeZRyMNx8BE",
                "tag": "GM",
                "text": "เด็กสามารถนั่งได้มั่นคง และเอี้ยวตัวหรือหมุนตัวไปหยิบกรุ๋งกริ๋งแล้วกลับมานั่งตัวตรงอีก",
                "guide": "false",
                "tools": [
                    "กรุ๋งกริ๋ง",
                    "ลูกบอลยางบีบ",
                    "สัตว์ยางบีบ",
                    "ขวดพลาสติกที่ใส่เม็ดถั่วพันให้แน่น",
                    "อุปกรณ์ที่มีสีและเสียง"
                ]
            },
            {
                "video": "https://www.youtube.com/embed/GWK_8xKvznY",
                "tag": "GM",
                "text": "เด็กสามารถยืนเกาะเครื่องเรือนได้เอง อย่างน้อย 10 วินาที โดยใช้แขนพยุงตัวไว้และสามารถขยับขาได้",
                "guide": "false",
                "tools": [
                    "กรุ๋งกริ๋ง",
                    "ลูกบอลยางบีบ",
                    "สัตว์ยางบีบ",
                    "ขวดพลาสติกที่ใส่เม็ดถั่วพันให้แน่น",
                    "อุปกรณ์ที่มีสีและเสียง"
                ]
            }
        ],
        "FM": [
            {
                "video": "https://www.youtube.com/embed/7LQGioE_EfQ",
                "tag": "FM",
                "text": "เด็กจ้องมองที่รูปภาพขณะที่พ่อแม่ ผู้ปกครองหรือผู้ดูแลเด็กพูดด้วยเป็นเวลา2-3 วินาที",
                "guide": "false",
                "tools": [
                    "หนังสือรูปภาพ",
                    "หนังสือเด็กที่มีรูปภาพชัดเจน"
                ]
            }
        ],
        "RL": [
            {
                "video": "https://www.youtube.com/embed/zVD5gLg_Qvo",
                "tag": "RL",
                "text": "เด็กสามารถตอบสนองโดยหันมามองผู้ประเมิน",
                "guide": "false",
                "tools": []
            }
        ],
        "EL": [
            {
                "video": "https://www.youtube.com/embed/zVD5gLg_Qvo",
                "tag": "EL",
                "text": "เด็กเลียนเสียงที่แตกต่างกันอย่างน้อย 2 เสียง เช่น จา มา ปา ดา  ตา ",
                "guide": "true",
                "tools": []
            }
        ],
        "PS": [
            {
                "video": "https://www.youtube.com/embed/mlGN-9ZzEho",
                "tag": "PS",
                "text": "เด็กจ้องมองตรงที่ผู้ประเมินโผล่หน้าออกไป หรือเด็กรู้จักซ่อนหน้าและเล่นจ๊ะเอ๋กับผู้ประเมิน",
                "guide": "false",
                "tools": [
                    "ผ้าขนาด 30x30ซม. มีรูอยู่ตรงกลาง",
                    "ผ้าขนหนู",
                    "ผ้าเช็ดตัว",
                    "กระดาษ "
                ]
            }
        ]
    },
    {
        "month": "9",
        "GM": [
            {
                "video": "https://www.youtube.com/embed/HuumzY10I8o",
                "tag": "GM",
                "text": "เด็กสามารถลุกขึ้นนั่งจากท่านอนได้เอง",
                "guide": "false",
                "tools": [
                    "สิ่งที่กระตุ้นให้ เด็กสนใจอยากลุกขึ้นนั่ง",
                    "ลูกบอล",
                    "กรุ๋งกริ๋ง",
                    "อุปกรณ์ที่มีสีและเสียง",
                    "สัตว์ยางบีบ",
                    "ของเล่นที่เขย่าแล้วมีเสียงดังคล้ายกรุ๋งกริ๋ง",
                    "ขวดพลาสติกใส่เม็ดทรายพันให้แน่น"
                ]
            },
            {
                "video": "https://www.youtube.com/embed/no5TNH_iPlk",
                "tag": "GM",
                "text": "เด็กสามารถยืนอยู่ได้โดยใช้มือเกาะที่เครื่องเรือน ไม่ใช้หน้าอกพิง หรือแขนท้าวเพื่อพยุงตัว",
                "guide": "false",
                "tools": [
                    "สิ่งที่กระตุ้นให้ เด็กสนใจอยากลุกขึ้นนั่ง",
                    "ลูกบอล",
                    "กรุ๋งกริ๋ง",
                    "อุปกรณ์ที่มีสีและเสียง",
                    "สัตว์ยางบีบ",
                    "ของเล่นที่เขย่าแล้วมีเสียงดังคล้ายกรุ๋งกริ๋ง",
                    "ขวดพลาสติกใส่เม็ดทรายพันให้แน่น"
                ]
            }
        ],
        "FM": [
            {
                "video": "https://www.youtube.com/embed/MkKTpbssBpY",
                "tag": "FM",
                "text": "เด็กสามารถหยิบก้อนไม้ทั้งสองก้อนขึ้นพร้อมกัน หรือทีละก้อนก็ได้ และถือก้อนไม้ไว้ในมือข้างละ 1 ก้อน ทั้งสองข้าง",
                "guide": "false",
                "tools": [
                    " ก้อนไม้สี่เหลี่ยม ลูกบาศก์",
                    "กล่องเล็กๆ ",
                    "ลูกปิงปอง",
                    "มะนาวผลเล็ก",
                    "วัสดุที่ปลอดภัยขนาดพอดีมือเด็กประมาณเส้นผ่านศูนย์กลาง 1 นิ้ว 2 ก้อน"
                ]
            },
            {
                "video": "https://www.youtube.com/embed/yCSUOSxLGvU",
                "tag": "FM",
                "text": "เด็กหยิบวัตถุขึ้นจากพื้นได้โดยใช้นิ้วหัวแม่มือและนิ้วอื่นๆ (ไม่ใช่หยิบขึ้นด้วยฝ่ามือ)",
                "guide": "false",
                "tools": [
                    "วัตถุชิ้นเล็ก ขนาด 2 ซม.",
                    "ถั่วกวน",
                    "ฟักทองนึ่ง",
                    "มันนึ่ง",
                    "ลูกเกด",
                    "ข้าวสุก",
                    "ของกินชิ้นเล็กที่อ่อนนุ่มละลายได้ในปากไม่สำลัก"
                ]
            }
        ],
        "RL": [
            {
                "video": "https://www.youtube.com/embed/HHlx-klf6gc",
                "tag": "RL",
                "text": "เด็กสามารถทำท่าทางตามคำสั่งง่ายๆ ที่มีท่าทางประกอบ เช่น โบกมือบ๊ายบาย ตบมือ หรือยกมือสาธุ แม้ยังไม่สมบูรณ์",
                "guide": "false",
                "tools": []
            }
        ],
        "EL": [
            {
                "video": "https://www.youtube.com/embed/iLA5BLUvlrs",
                "tag": "EL",
                "text": "เด็กสามารถใช้ท่าทางเดิมในการปฏิเสธ เช่น ส่ายหน้า ใช้มือผลักออกไปหันหน้าหนี",
                "guide": "false",
                "tools": []
            },
            {
                "video": "https://www.youtube.com/embed/GFrxysFO8X0&feature=youtu.be",
                "tag": "EL",
                "text": "เด็กเลียนเสียงคำพูดที่คุ้นเคยได้อย่างน้อย 1 เสียง เช่น แม่ ไป หม่ำ ป(ล)า แต่เด็กอาจจะออกเสียงยังไม่ชัด",
                "guide": "true",
                "tools": []
            }
        ],
        "PS": [
            {
                "video": "https://www.youtube.com/embed/MTfQxF1hr_M",
                "tag": "PS",
                "text": "เด็กสามารถใช้นิ้วมือหยิบอาหารกินได้",
                "guide": "true",
                "tools": []
            }
        ]
    },
    {
        "month": "10",
        "GM": [
            {
                "video": "https://www.youtube.com/embed/XqWv40RnFWU",
                "tag": "GM",
                "text": "เด็กสามารถยืนได้เอง โดยไม่ต้องช่วยพยุงได้นาน อย่างน้อย 2 วินาที",
                "guide": "false",
                "tools": []
            }
        ],
        "FM": [
            {
                "video": "https://www.youtube.com/embed/BJu8Qi9f0Tk",
                "tag": "FM",
                "text": "เด็กสามารถจีบนิ้วโดยใช้นิ้วหัวแม่มือและนิ้วชี้หยิบวัตถุชิ้นเล็กขึ้นมาได้ 1 ใน 3 ครั้ง",
                "guide": "false",
                "tools": [
                    "วัตถุชิ้นเล็ก ขนาด 2 ซม.",
                    "ถั่วกวน",
                    "ฟักทองนึ่ง",
                    "มันนึ่ง",
                    "ลูกเกด",
                    "ข้าวสุก",
                    "ของกินชิ้นเล็กที่อ่อนนุ่มละลายได้ในปากไม่สำลัก"
                ]
            }
        ],
        "RL": [
            {
                "video": "https://www.youtube.com/embed/Udx9gFLTnEE",
                "tag": "RL",
                "text": "เด็กสามารถทำตามคำสั่ง แม้ไม่ถูกต้องแต่พยายามยกแขนและเคลื่อนไหวมืออย่างน้อย 1 ใน 3 ครั้ง",
                "guide": "false",
                "tools": []
            }
        ],
        "EL": [
            {
                "video": "https://www.youtube.com/embed/utMdFkzD1DU",
                "tag": "EL",
                "text": "เด็กแสดงความต้องการด้วยการทำท่าทาง เช่น ยื่นมือให้อุ้ม ชี้ ดึงเสื้อ หรือเปล่งเสียง",
                "guide": "true",
                "tools": []
            }
        ],
        "PS": [
            {
                "video": "https://www.youtube.com/embed/tjeli7P0C_E",
                "tag": "PS",
                "text": "เด็กเล่นสิ่งของตามประโยชน์ได้ถูกต้องอย่างน้อย 1 ใน 4 ชิ้น เช่น เล่นหวีผม ป้อนอาหาร ดื่มน้ำ",
                "guide": "false",
                "tools": [
                    "ของเล่น 4 ชนิด ได้แก่ หวี ช้อน แก้วน้ำ แปรงสีฟัน",
                    "ของใช้ในบ้านชนิดอื่นๆ ที่ไม่เป็นอันตราย"
                ]
            }
        ]
    },
    {
        "month": "13",
        "GM": [
            {
                "video": "https://www.youtube.com/embed/OlPtvCuVYis",
                "tag": "GM",
                "text": "เด็กสามารถยืน โดยไม่ต้องช่วยพยุงได้นาน อย่างน้อย 10 วินาที",
                "guide": "false",
                "tools": []
            }
        ],
        "FM": [
            {
                "video": "https://www.youtube.com/embed/PZ6n8RWiSZM",
                "tag": "FM",
                "text": "เด็กสามารถขีดเขียนเป็นเส้นใดๆ ก็ได้บนกระดาษ",
                "guide": "false",
                "tools": [
                    "ดินสอ กระดาษ"
                ]
            }
        ],
        "RL": [
            {
                "video": "https://www.youtube.com/embed/IEUVFvnaABo",
                "tag": "RL",
                "text": "เลือกวัตถุตามคำสั่งได้ถูกต้อง 2 ชนิด",
                "guide": "false",
                "tools": [
                    "ชุดทดสอบการเลือกสิ่งของ เช่น บอล",
                    "ตุ๊กตาผ้า",
                    "ถ้วย",
                    "รถ",
                    "ของใช้ในบ้านชนิดอื่นๆที่ไม่เป็นอันตราย"
                ]
            }
        ],
        "EL": [
            {
                "video": "https://www.youtube.com/embed/peUekCDJnDk",
                "tag": "EL",
                "text": "เด็กสามารถพูดคำพยางค์เดียว (คำโดด) ได้อย่างน้อย 2 คำ ถึงแม้จะยังไม่ชัด หมายเหตุ ต้องไม่ใช่ชื่อคนหรือชื่อสัตว์เลี้ยงในบ้าน",
                "guide": "true",
                "tools": []
            }
        ],
        "PS": [
            {
                "video": "https://www.youtube.com/embed/zA_8VO3aikg",
                "tag": "PS",
                "text": "เด็กเลียนแบบท่าทางการทำงานบ้านได้อย่างน้อย1 อย่าง",
                "guide": "true",
                "tools": []
            }
        ]
    },
    {
        "month": "16",
        "GM": [
            {
                "video": "https://www.youtube.com/embed/iuPFdBOGQEg",
                "tag": "GM",
                "text": "เด็กเดินลากรถของเล่นหรือสิ่งของได้ไกล 2 เมตร โดยอาจเดินไปข้างหน้าหรือเดินถอยหลังก็ได้ พร้อมกับลากของเล่นไปโดยของเล่นอาจคว่ำได้",
                "guide": "false",
                "tools": [
                    "กล่องพลาสติกผูกเชือก",
                    "สิ่งของในบ้านที่สามารถลากได้ เช่น ตะกร้ารถของเล่น",
                    "กล่องต่าง"
                ]
            }
        ],
        "FM": [
            {
                "video": "https://www.youtube.com/embed/pdc0n9K3-jw",
                "tag": "FM",
                "text": "เด็กสามารถขีดเขียนเป็นเส้นใดๆ บนกระดาษได้เอง หมายเหตุ: ถ้าเด็กเพียงแต่เขียนจุดๆหรือกระแทก ดินสอกับกระดาษให้ถือว่าไม่ผ่าน",
                "guide": "false",
                "tools": [
                    "ดินสอและกระดาษ"
                ]
            }
        ],
        "RL": [
            {
                "video": "https://www.youtube.com/embed/nIjhPHgZrSY",
                "tag": "RL",
                "text": "เด็กสามารถแสดงกริยากับสิ่งของได้อย่างน้อย 1 คำสั่ง โดยผู้ประเมินไม่ต้องแสดงท่าทางประกอบ",
                "guide": "false",
                "tools": [
                    "ของเล่นเด็ก",
                    " ตุ๊กตาผ้า",
                    "บอล",
                    "รถ",
                    "ของใช้ในบ้านชนิดอื่นๆ ที่ไม่เป็นอันตราย"
                ]
            }
        ],
        "EL": [
            {
                "video": "https://www.youtube.com/embed/uX7aDKFlfpw",
                "tag": "EL",
                "text": "เด็กสามารถตอบชื่อวัตถุได้ถูกต้องหรือออกเสียงได้ใกล้เคียง ได้ 1 ชนิด เช่น ตุ๊กตา = ตา ",
                "guide": "false",
                "tools": [
                    "ของเล่นเด็ก",
                    "ตุ๊กตาผ้า",
                    "บอล",
                    "รถ",
                    "ของใช้ในบ้านชนิดอื่นๆ ที่ไม่เป็นอันตราย"
                ]
            }
        ],
        "PS": [
            {
                "video": "https://www.youtube.com/embed/KPYU-9TgcAA",
                "tag": "PS",
                "text": "เด็กสามารถเล่นการใช้สิ่งของตามหน้าที่ เช่น ใช้ช้อนตักในถ้วย หรือใช้หวี หวีผมให้ตุ๊กตา โดยเด็กเล่นได้อย่างน้อย 3 ชนิด",
                "guide": "true",
                "tools": [
                    "ตุ๊กตาผ้า",
                    "หวี",
                    "ถ้วย",
                    "ช้อนเล็ก",
                    "แปรงฟัน",
                    "ของใช้ในบ้านชนิดอื่นๆที่ไม่เป็นอันตราย"
                ]
            }
        ]
    },
    {
        "month": "18",
        "GM": [
            {
                "video": "https://www.youtube.com/embed/3H2a5V14aSE",
                "tag": "GM",
                "text": "เด็กวิ่งได้อย่างมั่นคงโดยไม่ล้ม และไม่ใช่การเดินเร็ว",
                "guide": "false",
                "tools": [
                    "อุปกรณ์กระตุ้นความสนใจเด็ก",
                    "ลูกบอลเส้นผ่านศูนย์กลาง 15-20เซนติเมตร",
                    "วัสดุที่ทำเป็นก้อนกลมๆ",
                    "ก้อนฟาง",
                    "ลูกบอล",
                    "สานด้วยใบมะพร้าว",
                    "วัสดุในบ้าน",
                    "ตุ๊กตา",
                    "หมอน"
                ]
            },
            {
                "video": "https://www.youtube.com/embed/2wZSFNkc_ic",
                "tag": "GM",
                "text": "เด็กสามารถเดินถือลูกบอล ไปได้ไกล 3 เมตร โดยไม่ล้ม และไม่เสียการทรงตัว",
                "guide": "false",
                "tools": [
                    "ลูกบอล",
                    "วัสดุที่ทำเป็นก้อนกลมๆ"
                ]
            }
        ],
        "FM": [
            {
                "video": "https://www.youtube.com/embed/shfOh8VSioI",
                "tag": "FM",
                "text": "เด็กสามารถแยกหน้าและพลิกหน้า หนังสือได้ทีละแผ่นด้วยตนเองอย่างน้อย 1 แผ่น",
                "guide": "false",
                "tools": [
                    "หนังสือรูปภาพทำด้วยกระดาษแข็ง",
                    "หนังสือเด็กที่ทำด้วยพลาสติก ผ้า หรือกระดาษหนาๆ"
                ]
            },
            {
                "video": "https://www.youtube.com/embed/IPgMjzYOR0A",
                "tag": "FM",
                "text": "เด็กสามารถต่อก้อนไม้โดยไม่ล้ม 2 ใน 3 ครั้ง",
                "guide": "false",
                "tools": [
                    "ก้อนไม้สี่เหลี่ยมลูกบาศก์",
                    "กล่องเล็กๆ",
                    "กล่องสบู่",
                    "กล่องนม 4 กล่อง"
                ]
            }
        ],
        "RL": [
            {
                "video": "https://www.youtube.com/embed/TEota1bIxU0",
                "tag": "RL",
                "text": "เด็กสามารถชี้หรือหยิบวัตถุได้ถูกต้องทั้ง 3 ชนิด อย่างน้อย 2 ครั้ง ",
                "guide": "false",
                "tools": [
                    "ของใช้ในบ้านชนิดอื่นๆที่ไม่เป็นอันตราย",
                    "ตุ๊กตา",
                    "บอล",
                    "รถ",
                    "แก้วน้ำ",
                    "ถ้วย",
                    "ช้อน",
                    "แปรง",
                    "หวี",
                    "ของเล่น"
                ]
            },
            {
                "video": "https://www.youtube.com/embed/ynQZgFumL6U",
                "tag": "RL",
                "text": "เด็กสามารถชี้อวัยวะ 1 ส่วน ได้ถูกต้อง 2 ใน 3 ครั้ง",
                "guide": "true",
                "tools": []
            }
        ],
        "EL": [
            {
                "video": "https://www.youtube.com/embed/RVOPljKjxro",
                "tag": "EL",
                "text": "เด็กเลียนคำพูดที่เด่น หรือคำสุดท้ายของคำพูด เช่น “หนูเป็นเด็กดี” เด็กเลียนคำ “เด็ก” หรือ “ดี” ได้",
                "guide": "true",
                "tools": []
            },
            {
                "video": "https://www.youtube.com/embed/RTR2VpFkD_0",
                "tag": "EL",
                "text": "เด็กพูดได้อย่างน้อย 4 คำ เช่น ทักทาย - สวัสดี และเรียกชื่อสิ่งของต่างๆ - โต๊ะ แมว",
                "guide": "true",
                "tools": []
            }
        ],
        "PS": [
            {
                "video": "https://www.youtube.com/embed/RphARm6nP0Q",
                "tag": "PS",
                "text": "เด็กยกถ้วยหรือขันน้ำขึ้นดื่มโดยไม่หก (โดยไม่ใช่การดูดจากหลอดดูด)",
                "guide": "true",
                "tools": [
                    "ถ้วยฝึกดื่มมีหูใส่น้ำ 1ใน4 ถ้วย",
                    "ขันน้ำ"
                ]
            },
            {
                "video": "https://www.youtube.com/embed/Rzf8gmQFPmg",
                "tag": "PS",
                "text": "เด็กหันมาสนใจและมองตาม เมื่อชี้สิ่งที่อยู่ไกลออกไป อย่างน้อย 3 เมตร",
                "guide": "false",
                "tools": []
            }
        ]
    },
    {
        "month": "19",
        "GM": [
            {
                "video": "https://www.youtube.com/embed/9INk-18IZXk",
                "tag": "GM",
                "text": "เด็กสามารถยกขาเตะลูกบอลได้(ไม่ใช่เขี่ยบอล) โดยไม่เสียการทรงตัวและทำได้อย่างน้อย 1 ใน 3 ครั้ง",
                "guide": "false",
                "tools": [
                    "ลูกบอลเส้นผ่านศูนย์กลาง 15-20 เซนติเมตร",
                    "วัสดุมาทำเป็นก้อนกลมๆ",
                    "ก้อนฟาง",
                    "ลูกบอลสานด้วยใบมะพร้าว"
                ]
            }
        ],
        "FM": [
            {
                "video": "https://www.youtube.com/embed/MoP0psETKdQ",
                "tag": "FM",
                "text": "เด็กสามารถต่อก้อนไม้เป็นหอสูง จำนวน 4 ก้อน โดยไม่ล้ม ได้อย่างน้อย 1 ใน 3 ครั้ง",
                "guide": "false",
                "tools": [
                    "ก้อนไม้สี่เหลี่ยมลูกบาศก์ 8 ก้อน",
                    "กล่องเล็กๆ",
                    "กล่องสบู่",
                    "กล่องนม"
                ]
            }
        ],
        "RL": [
            {
                "video": "https://www.youtube.com/embed/4TXYSURrCvo",
                "tag": "RL",
                "text": "เลือกวัตถุตามคำสั่ง (ตัวเลือก 4 ชนิด) เด็กสามารถหยิบ/ชี้ของเล่นได้ถูกต้องทั้ง 4 ชนิด",
                "guide": "false",
                "tools": [
                    "ของเล่นเด็ก",
                    "ตุ๊กตาผ้าบอล",
                    "รถ",
                    "ถ้วย",
                    "ของใช้ในบ้านชนิดอื่นๆที่ไม่เป็นอันตราย"
                ]
            }
        ],
        "EL": [
            {
                "video": "https://www.youtube.com/embed/0mh18ak2E-Q",
                "tag": "EL",
                "text": "เด็กเลียนคำพูดที่เป็นวลี 2 คำขึ้นไปได้เอง เช่น อาบน้ำ ร้องเพลง อ่านหนังสือ เล่านิทาน",
                "guide": "true",
                "tools": []
            }
        ],
        "PS": [
            {
                "video": "https://www.youtube.com/embed/3gY8bDQEs7c",
                "tag": "PS",
                "text": "เด็กใช้ช้อนตักกินอาหารได้ โดยอาจหกได้เล็กน้อย",
                "guide": "true",
                "tools": []
            }
        ]
    },
    {
        "month": "25",
        "GM": [
            {
                "video": "https://www.youtube.com/embed/7vjFi38WRGw",
                "tag": "GM",
                "text": "เด็กสามารถกระโดดได้เอง อาจไม่ต้องยกเท้าพ้นพื้นพร้อมกันทั้ง 2 ข้าง",
                "guide": "false",
                "tools": []
            }
        ],
        "FM": [
            {
                "video": "https://www.youtube.com/embed/z-j4EASHP3M",
                "tag": "FM",
                "text": "เด็กสามารถแก้ปัญหาง่ายๆ ด้วยตัวเอง โดยใช้เครื่องมือ",
                "guide": "true",
                "tools": []
            }
        ],
        "RL": [
            {
                "video": "https://www.youtube.com/embed/A2SdW_t1nDM",
                "tag": "RL",
                "text": "เด็กสามารถชี้อวัยวะได้ถูกต้อง 7 ใน 8 ส่วน ",
                "guide": "true",
                "tools": []
            }
        ],
        "EL": [
            {
                "video": "https://www.youtube.com/embed/o9MRLmIveu4",
                "tag": "EL",
                "text": "เด็กสามารถพูดตอบรับและปฏิเสธได้ เช่น เอา (คะ/ครับ) ฟัง (คะ/ครับ) ไม่ (คะ/ครับ)",
                "guide": "true",
                "tools": []
            }
        ],
        "PS": [
            {
                "video": "https://www.youtube.com/embed/GX0bi9V8_y8",
                "tag": "PS",
                "text": "เด็กสามารถล้างมือและเช็ดมือได้เอง (โดยผู้ใหญ่อาจจะช่วยหยิบอุปกรณ์เปิดก๊อกน้ำ หรือราดน้ำให้)",
                "guide": "true",
                "tools": []
            }
        ]
    },
    {
        "month": "30",
        "GM": [
            {
                "video": "https://www.youtube.com/embed/cuQR41vU8S0",
                "tag": "GM",
                "text": "เด็กสามารถกระโดดข้ามเชือกได้โดยเท้าลงพื้นพร้อมกัน หรือเท้าไม่ต้องลงพื้นพร้อมกันก็ได้",
                "guide": "false",
                "tools": [
                    "เชือก",
                    "ริบบิ้น",
                    "เชือกฟาง",
                    "ไม้หรือชอล์ก",
                    "ขีดเส้นตรงบนพื้น"
                ]
            },
            {
                "video": "https://www.youtube.com/embed/oPI3JlGqmeA",
                "tag": "GM",
                "text": "เด็กสามารถขว้างลูกบอลได้โดยยกมือขึ้นเหนือศีรษะไปทางด้านหลังแล้วขว้างลูกบอลไปข้างหน้า",
                "guide": "false",
                "tools": [
                    "ลูกบอลยางวัดขนาด เส้นผ่านศูนย์กลางประมาณ7 เซนติเมตร",
                    "ลูกบอลขนาดเล็กที่มีขนาดพอดีมือของเด็กชนิดอื่นๆ",
                    "ลูกเทนนิส "
                ]
            }
        ],
        "FM": [
            {
                "video": "https://www.youtube.com/embed/KF-2rFB_fFw",
                "tag": "FM",
                "text": "เด็กสามารถต่อก้อนไม้ โดยไม่ล้ม จำนวน 8 ก้อน 1 ใน 3 ครั้ง",
                "guide": "false",
                "tools": [
                    "ก้อนไม้สี่เหลี่ยมลูกบาศก์",
                    "กล่องเล็กๆ",
                    "กล่องสบู่",
                    "กล่องนม 8กล่อง"
                ]
            },
            {
                "video": "https://www.youtube.com/embed/YOOtVVRc0ZQ",
                "tag": "FM",
                "text": "เด็กสามารถส่งวัตถุให้ผู้ประเมิน 1 ก้อน ได้ทั้ง 2 ครั้ง โดยไม่พยายามจะหยิบส่งให้อีก",
                "guide": "false",
                "tools": [
                    "ชุดก้อนไม้สี่เหลี่ยมลูกบาศก์",
                    "กล่องเล็กๆ",
                    " กล่องสบู่",
                    "กล่องนม 3กล่อง"
                ]
            }
        ],
        "RL": [
            {
                "video": "https://www.youtube.com/embed/Y-We2c2dZQI",
                "tag": "RL",
                "text": "เด็กสามารถสนใจฟัง มองตามพูดตาม และ/หรือ พูดโต้ตอบตามเรื่องราวในหนังสือนิทานที่มีความยาว ประมาณ 5 นาที อย่างต่อเนื่อง",
                "guide": "false",
                "tools": [
                    "หนังสือนิทานสำหรับเด็กที่มีรูปภาพและคำอธิบายประกอบหน้าละประมาณ 20-30 คำ และอ่านจบใน 5 นาที",
                    "หนังสือนิทานสำหรับเด็กเรื่องอื่นๆ ที่มีรูปภาพและคำอธิบายสั้นๆ"
                ]
            },
            {
                "video": "https://www.youtube.com/embed/i0fFKmbnw0E",
                "tag": "RL",
                "text": "เด็กสามารถวางก้อนไม้ไว้ข้างบน และข้างใต้ได้ถูกต้อง 2 ใน 3 ครั้ง",
                "guide": "false",
                "tools": [
                    "ก้อนไม้สี่เหลี่ยมลูกบาศก์",
                    "กล่องเล็กๆ",
                    "กล่องสบู่",
                    "กล่องนม 1กล่อง"
                ]
            }
        ],
        "EL": [
            {
                "video": "https://www.youtube.com/embed/i0ozs9mJhO0",
                "tag": "EL",
                "text": " เด็กสามารถตอบคำถามโดยใช้วลี 2 คำ ขึ้นไปที่ใช้คำกริยาได้ถูกต้อง เช่น “ตุ๊กตา/น้อง นั่ง” “ตุ๊กตา/น้อง วิ่ง” “(ตุ๊ก)ตานอน” “น้องเดิน” “นอนหลับ”",
                "guide": "true",
                "tools": []
            }
        ],
        "PS": [
            {
                "video": "https://www.youtube.com/embed/l2D5Vzc47zE",
                "tag": "PS",
                "text": "เด็กสามารถร้องเพลงตามพ่อแม่ ผู้ปกครองหรือผู้ดูแลเด็กได้ โดยอาจร้องชัดแค่บางคำ หรือคลอตามทำนอง",
                "guide": "true",
                "tools": []
            },
            {
                "video": "https://www.youtube.com/embed/-0X2JS644YY",
                "tag": "PS",
                "text": "เด็กรู้จักรอให้ถึงรอบของตนเอง เมื่อบอกให้รอ",
                "guide": "false",
                "tools": []
            }
        ]
    },
    {
        "month": "31",
        "GM": [
            {
                "video": "https://www.youtube.com/embed/UtFh85vxArk",
                "tag": "GM",
                "text": "เด็กยืนขาเดียวได้นาน 1 วินาที อย่างน้อย 1 ใน 3 ครั้ง",
                "guide": "false",
                "tools": []
            }
        ],
        "FM": [
            {
                "video": "https://www.youtube.com/embed/IulBg0fspHw",
                "tag": "FM",
                "text": "เด็กสามารถลากเส้นเป็นวงต่อเนื่องกันได้",
                "guide": "false",
                "tools": [
                    "ดินสอและกระดาษ"
                ]
            }
        ],
        "RL": [
            {
                "video": "https://www.youtube.com/embed/eAcW5O3SBWE",
                "tag": "RL",
                "text": "นำวัตถุ 2 ชนิด ในห้องมาให้ได้ ตามคำสั่ง ได้ถูกต้องอย่างน้อย 2 ใน 3 ครั้ง",
                "guide": "false",
                "tools": [
                    "วัตถุที่เด็กรู้จัก",
                    "แปรงสีฟัน",
                    "หวี",
                    "ช้อน",
                    "ถ้วย",
                    "ตุ๊กตาผ้า",
                    "บอล",
                    "ของใช้ในบ้านชนิดอื่นๆ ที่ไม่เป็นอันตราย 6 ชนิด"
                ]
            }
        ],
        "EL": [
            {
                "video": "https://www.youtube.com/embed/10lWrKJy72U",
                "tag": "EL",
                "text": "เด็กพูดประโยคหรือวลีที่เป็นคำ 3-4 คำอย่างน้อย 4 ความหมาย",
                "guide": "true",
                "tools": []
            }
        ],
        "PS": [
            {
                "video": "https://www.youtube.com/embed/4pMwHzslC8g",
                "tag": "PS",
                "text": "เด็กใส่กางเกงเอวยางยืดได้เองโดยไม่ต้องช่วย และไม่จำเป็นต้องถูกด้าน",
                "guide": "true",
                "tools": []
            }
        ]
    },
    {
        "month": "37",
        "GM": [
            {
                "video": "https://www.youtube.com/embed/viHcKdpQt2s",
                "tag": "GM",
                "text": "เด็กยืนขาเดียวได้นาน 3 วินาที อย่างน้อย 1 ใน 3 ครั้ง",
                "guide": "false",
                "tools": []
            }
        ],
        "FM": [
            {
                "video": "https://www.youtube.com/embed/WlUwbzoWQdU",
                "tag": "FM",
                "text": "เด็กสามารถวาดรูปวงกลมโดยไม่มีเหลี่ยม ไม่เว้า และเส้นที่มาเชื่อมต่อซ้อนกันไม่เกิน 2 ซม. ได้อย่างน้อย 1 ใน 3 ครั้ง",
                "guide": "false",
                "tools": [
                    "ดินสอและกระดาษ"
                ]
            }
        ],
        "RL": [
            {
                "video": "https://www.youtube.com/embed/KErtCoy01VI",
                "tag": "RL",
                "text": "ทำตามคำสั่งต่อเนื่องได้ 2 กริยากับวัตถุ 2 ชนิด ได้อย่างน้อย 1 ใน 3 ครั้ง",
                "guide": "false",
                "tools": [
                    "ของเล่นเด็ก",
                    "ตุ๊กตาผ้าบอล",
                    "รถ",
                    "ถ้วย",
                    "ของใช้ในบ้านชนิดอื่นๆที่ไม่เป็นอันตราย"
                ]
            }
        ],
        "EL": [
            {
                "video": "https://www.youtube.com/embed/NtKcCDlZbq0",
                "tag": "EL",
                "text": "ถามคำถามได้ 4 แบบ เช่น ใคร อะไร ที่ไหน ทำไม",
                "guide": "true",
                "tools": []
            }
        ],
        "PS": [
            {
                "video": "https://www.youtube.com/embed/4Tt3rBNhN3I",
                "tag": "PS",
                "text": "เด็กสามารถเล่นในกลุ่มตามกฎ มีผู้ใหญ่แนะนำได้ แต่ไม่ต้องแนะนำเป็นรายบุคคล",
                "guide": "true",
                "tools": []
            },
            {
                "video": "https://www.youtube.com/embed/bpDWo_uoqBI",
                "tag": "PS",
                "text": "เด็กสามารถช่วยทำงานขั้นตอนเดียวได้เอง เช่น เก็บของเล่น",
                "guide": "true",
                "tools": []
            }
        ]
    },
    {
        "month": "42",
        "GM": [
            {
                "video": "https://www.youtube.com/embed/XwzmokxlokE",
                "tag": "GM",
                "text": "เด็กยืนขาเดียวได้นาน 5 วินาที อย่างน้อย 1 ใน 3 ครั้ง",
                "guide": "false",
                "tools": []
            },
            {
                "video": "https://www.youtube.com/embed/rXwk3rodfVw",
                "tag": "GM",
                "text": "เด็กสามารถยื่นแขนมารับและถือลูกบอลไว้ได้ 1 ใน 3 ครั้ง",
                "guide": "false",
                "tools": [
                    "ลูกบอลขนาดเส้นผ่านศูนย์กลาง 15-20 เซนติเมตร",
                    "ลูกโป่ง",
                    "ตุ๊กตาผ้า",
                    "ผ้ามัดเป็นก้อน"
                ]
            }
        ],
        "FM": [
            {
                "video": "https://www.youtube.com/embed/5PedMdokcdw",
                "tag": "FM",
                "text": "เด็กสามารถแยกรูปทรงชนิดเดียวกันเป็นกลุ่มได้ถูกต้องทั้ง 3 แบบ (ทรงกระบอกสั้น ทรงสี่เหลี่ยม ทรงสามเหลี่ยม อย่างละ 3 ชิ้น)",
                "guide": "false",
                "tools": [
                    " รูปทรงเรขาคณิตที่มีสีเดียวกันทั้งหมดอย่างละ3ชิ้น ได้แก่ รูปทรงกระบอกสั้น รูปทรงสามเหลี่ยม รูปทรงสี่เหลี่ยม",
                    "วัสดุที่ใช้แทนได้: สิ่งของในบ้านชนิดอื่นๆ ที่ไม่เป็นอันตราย เช่น กล่อมนมทรงสี่เหลี่ยม"
                ]
            },
            {
                "video": "https://www.youtube.com/embed/tZtudoTY9J8",
                "tag": "FM",
                "text": "เด็กสามารถประกอบชิ้นส่วนของรูปภาพที่ ถูกตัดออกเป็น 3 ชิ้นได้ถูกต้องอย่างน้อย 1 ใน 3 ครั้ง โดยต้องต่อลงในกรอบ",
                "guide": "false",
                "tools": [
                    "รูปภาพ",
                    "รูปการ์ตูน",
                    "ปฏิทิน",
                    "ปกสมุด ตัดชิ้นส่วนเป็น 3 ชิ้น"
                ]
            },
            {
                "video": "https://www.youtube.com/embed/dR1EWzvT0G4",
                "tag": "FM",
                "text": "เด็กสามารถวาดรูปวงกลมที่บรรจบกันตามแบบได้ โดยไม่มีเหลี่ยม (ไม่จำกัดขนาด)",
                "guide": "false",
                "tools": [
                    "ดินสอ กระดาษ กระดาษที่มีรูปวงกลมขนาดเส้นผ่านศูนย์กลาง 2.5 ซม.ตามแบบ"
                ]
            }
        ],
        "RL": [
            {
               "video": "https://www.youtube.com/embed/CB26Jh_9Gps",
                "tag": "RL",
                "text": "เด็กสามารถเลือกภาพเสื้อผ้าได้ถูกต้อง อย่างน้อย 2 ใน 3 ชิ้น",
                "guide": "false",
                "tools": [
                    "ชุดจัดประเภทสิ่งของอย่างละ3ชนิด ได้แก่ บัตรภาพสัตว์ บัตรภาพอาหาร บัตรภาพเสื้อผ้า",
                    "สอนจากของจริง"
                ]
            },
            {
                "video": "https://www.youtube.com/embed/ZQrXAgBjxfg",
                "tag": "RL",
                "text": "วางวัตถุไว้ข้างหน้าและข้างหลังได้ตามคำสั่ง อย่างน้อย 2 ใน 3 ครั้ง",
                "guide": "false",
                "tools": [
                    "ตุ๊กตาผ้า 1 ตัว",
                    "ก้อนไม้สี่เหลี่ยมลูกบาศก์ 2 ก้อน"
                ]
            }
        ],
        "EL": [
            {
                "video": "https://www.youtube.com/embed/uRW1lcjWbgc",
                "tag": "EL",
                "text": "พูดถึงเหตุการณ์ที่เพิ่งผ่านไป ใหม่ๆ ได้",
                "guide": "false",
                "tools": []
            },
            {
                "video": "https://www.youtube.com/embed/_xHhdB-dw3s",
                "tag": "EL",
                "text": "พูด “ขอ” หรือ“ขอบคุณ” หรือ “ให้” ได้เอง  2 ใน 3 ความหมาย",
                "guide": "true",
                "tools": []
            }
        ],
        "PS": [
            {
                "video": "https://www.youtube.com/embed/O6qwFrEOM5I",
                "tag": "PS",
                "text": "บอกเพศของตนเองได้ถูกต้อง 2 ใน 3 ครั้ง",
                "guide": "false",
                "tools": []
            },
            {
                "video": "https://www.youtube.com/embed/J4TucybOfsk",
                "tag": "PS",
                "text": "เด็กสามารถใส่เสื้อผ่าหน้าได้ด้วยตนเองโดยไม่ต้องติดกระดุม และไม่ใช่การใส่เสื้อให้ตุ๊กตา",
                "guide": "true",
                "tools": []
            }
        ]
    },
    {
        "month": "43",
        "GM": [
            {
                "video": "https://www.youtube.com/embed/yYwiMknqHtE",
                "tag": "GM",
                "text": "กระโดดขาเดียวไปข้างหน้าได้ อย่างน้อย 2 ครั้ง",
                "guide": "false",
                "tools": []
            }
        ],
        "FM": [
            {
                "video": "https://www.youtube.com/embed/SNlItqEAw-M",
                "tag": "FM",
                "text": "ตัดกระดาษรูปสี่เหลี่ยมจัตุรัส ขนาด 10 ซม. ออกเป็น 2 ชิ้น (โดยใช้กรรไกรปลายมน)  โดยตัดจากด้านหนึ่งไปยังอีกด้านหนึ่งที่อยู่ตรงข้าม อย่างน้อย 1 ใน 3 ครั้ง",
                "guide": "false",
                "tools": [
                    "กรรไกรปลายมนสำหรับเด็ก กระดาษสี่เหลี่ยมจัตุรัสขนาด 10 ซม."
                ]
            },
            {
                "video": "https://www.youtube.com/embed/mg2Y4zxllkM",
                "tag": "FM",
                "text": "เลียนแบบวาดรูป + (กากบาท)ได้เอง อย่างน้อย 1 ใน 3 ครั้ง ",
                "guide": "false",
                "tools": [
                    "ดินสอและกระดาษ"
                ]
            }
        ],
        "RL": [
            {
                "video": "https://www.youtube.com/embed/GeDHX3vgEFw",
                "tag": "RL",
                "text": "เด็กสามารถเลือกวัตถุที่มีขนาดใหญ่กว่า และเล็กกว่าได้ถูกต้อง 2 ใน 3 ชุด",
                "guide": "false",
                "tools": [
                    "ชุดวัตถุ 3 ขนาด สีเดียวกัน จำนวน 3 ชุด ได้แก่ ทรงกระบอกสั้น สี่เหลี่ยม สามเหลี่ยม"
                ]
            }
        ],
        "EL": [
            {
                "video": "https://www.youtube.com/embed/cMbwdXf7zNU",
                "tag": "EL",
                "text": "พูดเป็นประโยค 3 คำ ติดต่อกัน โดยมีความหมาย และเหมาะสมกับโอกาสได้ ",
                "guide": "true",
                "tools": []
            }
        ],
        "PS": [
            {
                "video": "https://www.youtube.com/embed/R-KwuX1DDY8",
                "tag": "PS",
                "text": "ใส่กระดุมขนาดใหญ่อย่างน้อย 2 ซม. ได้เอง 3 เม็ด",
                "guide": "true",
                "tools": [
                    "ตุ๊กตาผ้าที่มีกระดุมขนาดใหญ่ อย่างน้อย 2 ซม."
                ]
            }
        ]
    },
    {
        "month": "49",
        "GM": [
            {
                "video": "https://www.youtube.com/embed/dAvkobZjjJc",
                "tag": "GM",
                "text": "กระโดดสองเท้าพร้อมกันไป ด้านข้างและถอยหลังได้ ",
                "guide": "false",
                "tools": []
            }
        ],
        "FM": [
            {
                "video": "https://www.youtube.com/embed/etD6Hc4AX0M",
                "tag": "FM",
                "text": "ประกอบชิ้นส่วนของรูปภาพที่ ถูกตัดออกเป็น 8 ชิ้นได้",
                "guide": "false",
                "tools": [
                    "รูปภาพที่มีส่วนต่อกัน 8 ชิ้น 1 รูป"
                ]
            }
        ],
        "RL": [
            {
                "video": "https://www.youtube.com/embed/bieqd5nHVsg",
                "tag": "RL",
                "text": "เลือกรูปภาพที่แสดงเวลา กลางวัน กลางคืนได้ถูกต้องอย่างน้อย 2 ใน 3 ชุด",
                "guide": "false",
                "tools": [
                    " รูปภาพเวลากลางวันและเวลากลางคืนอย่างละ 3 รูป",
                    "สภาพแวดล้อม"
                ]
            }
        ],
        "EL": [
            {
                "video": "https://www.youtube.com/embed/xqPeK8c_YxU",
                "tag": "EL",
                "text": "ตอบคำถามได้ถูกต้องเมื่อถามว่า “ถ้ารู้สึกร้อนไม่สบาย หิว” จะทำอย่างไร ",
                "guide": "false",
                "tools": []
            }
        ],
        "PS": [
            {
                "video": "https://www.youtube.com/embed/YCtfrguWWCA",
                "tag": "PS",
                "text": "ทำความสะอาดตนเองหลังจากอุจจาระได้ โดยการล้างก้น ล้างมือ หลังจากขับถ่ายอุจจาระได้",
                "guide": "true",
                "tools": []
            }
        ]
    },
    {
        "month": "55",
        "GM": [
            {
                "video": "https://www.youtube.com/embed/6oQGgYr0Kto",
                "tag": "GM",
                "text": "เดินต่อส้นเท้าได้ 4 ก้าว โดยไม่เสียการทรงตัว",
                "guide": "false",
                "tools": []
            }
        ],
        "FM": [
            {
                "video": "https://www.youtube.com/embed/AIxZcy9MrRU",
                "tag": "FM",
                "text": "จับดินสอได้ถูกต้อง โดยจับสูงกว่าปลายประมาณ 1-2 ซม. และดินสออยู่ระหว่างนิ้วหัวแม่มือนิ้วชี้ และนิ้วกลาง",
                "guide": "false",
                "tools": [
                    "ดินสอและกระดาษ"
                ]
            }
        ],
        "RL": [
            {
                "video": "https://www.youtube.com/embed/-Jp0hKOGMpE",
                "tag": "RL",
                "text": "เลือกสีได้ 8 สี ตามคำสั่ง",
                "guide": "false",
                "tools": [
                    "ก้อนไม้ 10 สี 10 ก้อน",
                    "สีเทียน",
                    "สีไม้",
                    "สิ่งของในบ้านที่มีสีสันต่างๆ เช่น ดอกไม้ เสื้อผ้า"
                ]
            }
        ],
        "EL": [
            {
                "video": "https://www.youtube.com/embed/vjkk2WRL_4o",
                "tag": "EL",
                "text": "พูดคุยกับเพื่อนในกลุ่ม",
                "guide": "true",
                "tools": []
            }
        ],
        "PS": [
            {
                "video": "https://www.youtube.com/embed/mkLQusPIiPU",
                "tag": "PS",
                "text": "เล่นเลียนแบบบทบาทของผู้ใหญ่ได้ อย่างน้อย 1 บทบาท เช่น พ่อ แม่ ครู โดยเลียนแบบผ่านทางน้ำเสียง ท่าทาง การแต่งตัวกับเพื่อนได้",
                "guide": "true",
                "tools": []
            }
        ]
    }
]